Lat,Long
13.971514,100.403076
13.971513824791446,100.41233301339716
13.971513299165796,100.42159002676611
13.971512423123055,100.43084704007873
13.97151119666326,100.44010405330684
13.971509619786438,100.44936106642227
13.971507692492638,100.45861807939684
13.971505414781916,100.46787509220238
13.97150278665434,100.47713210481072
13.971499808109986,100.48638911719367
13.971496479148938,100.49564612932309
13.971492799771294,100.50490314117079
13.971488769977164,100.5141601527086
13.971484389766667,100.52341716390833
13.971479659139924,100.53267417474187
13.971474578097078,100.54193118518097
13.971469146638272,100.55118819519751
13.971463364763672,100.56044520476331
13.971457232473439,100.56970221385018
13.971450749767756,100.57895922242999
13.97144391664681,100.5882162304745
13.971436733110803,100.5974732379556
13.971429199159942,100.6067302448451
13.971421314794451,100.61598725111482
13.971413080014548,100.6252442567366
13.97140449482049,100.63450126168226
13.971395559212512,100.64375826592364
13.97138627319088,100.65301526943257
13.971376636755867,100.66227227218086
13.971366649907754,100.67152927414037
13.97135631264683,100.6807862752829
13.971345624973392,100.6900432755803
13.97133458688776,100.69930027500439
13.97132319839025,100.70855727352699
13.971311459481196,100.71781427111995
13.971299370160942,100.7270712677551
13.971286930429835,100.73632826340426
13.97127414028824,100.74558525803924
13.971260999736534,100.75484225163191
13.971247508775097,100.7640992441541
13.971233667404318,100.77335623557758
13.97121947562461,100.78261322587427
13.971204933436375,100.79187021501593
13.971190040840046,100.80112720297444
13.971174797836053,100.81038418972159
13.97115920442484,100.81964117522922
13.97114326060686,100.82889815946918
13.971126966382585,100.8381551424133
13.971110321752485,100.8474121240334
13.971093326717039,100.85666910430132
13.971075981276755,100.86592608318888
13.962530847158806,100.403076
13.953547694317612,100.403076
13.944564541476414,100.403076
13.935581388635221,100.403076
13.926598235794023,100.403076
13.91761508295283,100.403076
13.908631930111634,100.403076
13.89964877727044,100.403076
13.890665624429243,100.403076
13.88168247158805,100.403076
13.872699318746854,100.403076
13.863716165905657,100.403076
13.854733013064463,100.403076
13.84574986022327,100.403076
13.836766707382072,100.403076
13.827783554540877,100.403076
13.818800401699683,100.403076
13.80981724885849,100.403076
13.800834096017292,100.403076
13.7918509431761,100.403076
13.782867790334901,100.403076
13.773884637493705,100.403076
13.764901484652512,100.403076
13.755918331811316,100.403076
13.746935178970121,100.403076
13.737952026128927,100.403076
13.728968873287734,100.403076
13.719985720446536,100.403076
13.71100256760534,100.403076
13.702019414764148,100.403076
13.69303626192295,100.403076
13.684053109081756,100.403076
13.675069956240561,100.403076
13.666086803399363,100.403076
13.657103650558168,100.403076
13.648120497716972,100.403076
13.639137344875778,100.403076
13.630154192034585,100.403076
13.621171039193387,100.403076
13.612187886352192,100.403076
13.603204733510998,100.403076
13.594221580669803,100.403076
13.585238427828607,100.403076
13.576255274987414,100.403076
13.56727212214622,100.403076
13.558288969305021,100.403076
13.549305816463827,100.403076
13.540322663622632,100.403076
13.531339510781436,100.403076
13.522356357940243,100.403076
13.96253067195025,100.41233301339716
13.953547519109057,100.41233301339716
13.944564366267858,100.41233301339716
13.935581213426666,100.41233301339716
13.926598060585471,100.41233301339716
13.917614907744275,100.41233301339716
13.90863175490308,100.41233301339716
13.899648602061886,100.41233301339716
13.89066544922069,100.41233301339716
13.881682296379495,100.41233301339716
13.872699143538295,100.41233301339716
13.863715990697102,100.41233301339716
13.85473283785591,100.41233301339716
13.845749685014713,100.41233301339716
13.836766532173517,100.41233301339716
13.82778337933232,100.41233301339716
13.818800226491128,100.41233301339716
13.809817073649935,100.41233301339716
13.800833920808738,100.41233301339716
13.791850767967542,100.41233301339716
13.782867615126346,100.41233301339716
13.773884462285151,100.41233301339716
13.764901309443959,100.41233301339716
13.75591815660276,100.41233301339716
13.746935003761566,100.41233301339716
13.737951850920371,100.41233301339716
13.728968698079177,100.41233301339716
13.71998554523798,100.41233301339716
13.711002392396786,100.41233301339716
13.702019239555588,100.41233301339716
13.693036086714393,100.41233301339716
13.684052933873199,100.41233301339716
13.675069781032006,100.41233301339716
13.66608662819081,100.41233301339716
13.657103475349615,100.41233301339716
13.648120322508417,100.41233301339716
13.639137169667222,100.41233301339716
13.630154016826028,100.41233301339716
13.621170863984831,100.41233301339716
13.612187711143637,100.41233301339716
13.603204558302444,100.41233301339716
13.594221405461248,100.41233301339716
13.585238252620053,100.41233301339716
13.576255099778859,100.41233301339716
13.567271946937664,100.41233301339716
13.558288794096466,100.41233301339716
13.549305641255271,100.41233301339716
13.540322488414077,100.41233301339716
13.53133933557288,100.41233301339716
13.522356182731688,100.41233301339716
13.9625301463246,100.42159002676611
13.953546993483407,100.42159002676611
13.944563840642209,100.42159002676611
13.935580687801016,100.42159002676611
13.926597534959818,100.42159002676611
13.917614382118623,100.42159002676611
13.90863122927743,100.42159002676611
13.899648076436232,100.42159002676611
13.89066492359504,100.42159002676611
13.881681770753843,100.42159002676611
13.872698617912647,100.42159002676611
13.863715465071452,100.42159002676611
13.854732312230261,100.42159002676611
13.845749159389062,100.42159002676611
13.836766006547867,100.42159002676611
13.827782853706672,100.42159002676611
13.818799700865478,100.42159002676611
13.80981654802428,100.42159002676611
13.800833395183089,100.42159002676611
13.791850242341892,100.42159002676611
13.782867089500694,100.42159002676611
13.773883936659502,100.42159002676611
13.764900783818307,100.42159002676611
13.75591763097711,100.42159002676611
13.746934478135916,100.42159002676611
13.737951325294722,100.42159002676611
13.728968172453529,100.42159002676611
13.71998501961233,100.42159002676611
13.711001866771136,100.42159002676611
13.702018713929938,100.42159002676611
13.693035561088744,100.42159002676611
13.684052408247549,100.42159002676611
13.675069255406353,100.42159002676611
13.66608610256516,100.42159002676611
13.657102949723964,100.42159002676611
13.64811979688277,100.42159002676611
13.639136644041573,100.42159002676611
13.630153491200378,100.42159002676611
13.621170338359185,100.42159002676611
13.612187185517987,100.42159002676611
13.603204032676793,100.42159002676611
13.594220879835596,100.42159002676611
13.585237726994404,100.42159002676611
13.576254574153207,100.42159002676611
13.567271421312011,100.42159002676611
13.558288268470816,100.42159002676611
13.549305115629622,100.42159002676611
13.540321962788427,100.42159002676611
13.531338809947231,100.42159002676611
13.522355657106035,100.42159002676611
13.962529270281859,100.43084704007873
13.953546117440666,100.43084704007873
13.944562964599472,100.43084704007873
13.935579811758275,100.43084704007873
13.92659665891708,100.43084704007873
13.917613506075886,100.43084704007873
13.90863035323469,100.43084704007873
13.899647200393497,100.43084704007873
13.8906640475523,100.43084704007873
13.881680894711108,100.43084704007873
13.872697741869908,100.43084704007873
13.863714589028712,100.43084704007873
13.85473143618752,100.43084704007873
13.845748283346325,100.43084704007873
13.83676513050513,100.43084704007873
13.827781977663934,100.43084704007873
13.818798824822737,100.43084704007873
13.809815671981545,100.43084704007873
13.800832519140352,100.43084704007873
13.791849366299152,100.43084704007873
13.78286621345796,100.43084704007873
13.77388306061676,100.43084704007873
13.764899907775568,100.43084704007873
13.755916754934372,100.43084704007873
13.74693360209318,100.43084704007873
13.737950449251981,100.43084704007873
13.728967296410788,100.43084704007873
13.71998414356959,100.43084704007873
13.711000990728396,100.43084704007873
13.702017837887203,100.43084704007873
13.693034685046005,100.43084704007873
13.68405153220481,100.43084704007873
13.675068379363616,100.43084704007873
13.66608522652242,100.43084704007873
13.657102073681225,100.43084704007873
13.64811892084003,100.43084704007873
13.639135767998836,100.43084704007873
13.63015261515764,100.43084704007873
13.621169462316443,100.43084704007873
13.612186309475247,100.43084704007873
13.603203156634054,100.43084704007873
13.59422000379286,100.43084704007873
13.585236850951665,100.43084704007873
13.576253698110467,100.43084704007873
13.567270545269274,100.43084704007873
13.558287392428076,100.43084704007873
13.549304239586881,100.43084704007873
13.540321086745687,100.43084704007873
13.531337933904492,100.43084704007873
13.522354781063294,100.43084704007873
13.962528043822063,100.44010405330684
13.95354489098087,100.44010405330684
13.944561738139674,100.44010405330684
13.93557858529848,100.44010405330684
13.926595432457285,100.44010405330684
13.917612279616087,100.44010405330684
13.908629126774894,100.44010405330684
13.8996459739337,100.44010405330684
13.890662821092503,100.44010405330684
13.881679668251307,100.44010405330684
13.872696515410114,100.44010405330684
13.863713362568914,100.44010405330684
13.854730209727723,100.44010405330684
13.845747056886523,100.44010405330684
13.83676390404533,100.44010405330684
13.827780751204134,100.44010405330684
13.818797598362941,100.44010405330684
13.809814445521745,100.44010405330684
13.800831292680552,100.44010405330684
13.791848139839358,100.44010405330684
13.78286498699816,100.44010405330684
13.773881834156965,100.44010405330684
13.76489868131577,100.44010405330684
13.755915528474574,100.44010405330684
13.74693237563338,100.44010405330684
13.737949222792187,100.44010405330684
13.72896606995099,100.44010405330684
13.719982917109792,100.44010405330684
13.7109997642686,100.44010405330684
13.702016611427402,100.44010405330684
13.693033458586207,100.44010405330684
13.684050305745014,100.44010405330684
13.675067152903816,100.44010405330684
13.666084000062623,100.44010405330684
13.657100847221427,100.44010405330684
13.648117694380234,100.44010405330684
13.639134541539036,100.44010405330684
13.630151388697842,100.44010405330684
13.621168235856645,100.44010405330684
13.61218508301545,100.44010405330684
13.603201930174258,100.44010405330684
13.594218777333062,100.44010405330684
13.585235624491867,100.44010405330684
13.576252471650673,100.44010405330684
13.567269318809476,100.44010405330684
13.558286165968278,100.44010405330684
13.549303013127085,100.44010405330684
13.540319860285893,100.44010405330684
13.531336707444694,100.44010405330684
13.522353554603498,100.44010405330684
13.962526466945244,100.44936106642227
13.953543314104047,100.44936106642227
13.944560161262851,100.44936106642227
13.935577008421657,100.44936106642227
13.926593855580462,100.44936106642227
13.91761070273927,100.44936106642227
13.908627549898073,100.44936106642227
13.899644397056878,100.44936106642227
13.89066124421568,100.44936106642227
13.881678091374487,100.44936106642227
13.872694938533288,100.44936106642227
13.863711785692095,100.44936106642227
13.854728632850902,100.44936106642227
13.845745480009708,100.44936106642227
13.83676232716851,100.44936106642227
13.827779174327317,100.44936106642227
13.81879602148612,100.44936106642227
13.809812868644926,100.44936106642227
13.800829715803731,100.44936106642227
13.791846562962537,100.44936106642227
13.782863410121342,100.44936106642227
13.773880257280142,100.44936106642227
13.76489710443895,100.44936106642227
13.755913951597755,100.44936106642227
13.746930798756559,100.44936106642227
13.737947645915366,100.44936106642227
13.72896449307417,100.44936106642227
13.719981340232973,100.44936106642227
13.710998187391779,100.44936106642227
13.70201503455058,100.44936106642227
13.693031881709386,100.44936106642227
13.684048728868193,100.44936106642227
13.675065576027,100.44936106642227
13.666082423185804,100.44936106642227
13.657099270344608,100.44936106642227
13.648116117503413,100.44936106642227
13.639132964662215,100.44936106642227
13.630149811821022,100.44936106642227
13.621166658979826,100.44936106642227
13.612183506138633,100.44936106642227
13.603200353297437,100.44936106642227
13.594217200456242,100.44936106642227
13.585234047615048,100.44936106642227
13.57625089477385,100.44936106642227
13.567267741932657,100.44936106642227
13.558284589091462,100.44936106642227
13.549301436250264,100.44936106642227
13.54031828340907,100.44936106642227
13.531335130567875,100.44936106642227
13.522351977726679,100.44936106642227
13.962524539651442,100.45861807939684
13.953541386810251,100.45861807939684
13.944558233969051,100.45861807939684
13.935575081127858,100.45861807939684
13.926591928286664,100.45861807939684
13.91760877544547,100.45861807939684
13.908625622604271,100.45861807939684
13.899642469763078,100.45861807939684
13.890659316921884,100.45861807939684
13.881676164080687,100.45861807939684
13.872693011239491,100.45861807939684
13.863709858398295,100.45861807939684
13.854726705557102,100.45861807939684
13.845743552715907,100.45861807939684
13.836760399874713,100.45861807939684
13.827777247033515,100.45861807939684
13.81879409419232,100.45861807939684
13.809810941351126,100.45861807939684
13.800827788509931,100.45861807939684
13.791844635668737,100.45861807939684
13.782861482827542,100.45861807939684
13.773878329986344,100.45861807939684
13.764895177145151,100.45861807939684
13.755912024303955,100.45861807939684
13.746928871462762,100.45861807939684
13.737945718621564,100.45861807939684
13.72896256578037,100.45861807939684
13.719979412939173,100.45861807939684
13.710996260097978,100.45861807939684
13.702013107256786,100.45861807939684
13.693029954415588,100.45861807939684
13.684046801574391,100.45861807939684
13.675063648733198,100.45861807939684
13.666080495892002,100.45861807939684
13.657097343050806,100.45861807939684
13.648114190209613,100.45861807939684
13.639131037368415,100.45861807939684
13.63014788452722,100.45861807939684
13.621164731686026,100.45861807939684
13.61218157884483,100.45861807939684
13.603198426003637,100.45861807939684
13.594215273162442,100.45861807939684
13.585232120321244,100.45861807939684
13.576248967480051,100.45861807939684
13.567265814638857,100.45861807939684
13.558282661797662,100.45861807939684
13.549299508956464,100.45861807939684
13.540316356115271,100.45861807939684
13.531333203274071,100.45861807939684
13.522350050432877,100.45861807939684
13.96252226194072,100.46787509220238
13.953539109099523,100.46787509220238
13.944555956258327,100.46787509220238
13.935572803417136,100.46787509220238
13.926589650575941,100.46787509220238
13.917606497734745,100.46787509220238
13.908623344893549,100.46787509220238
13.899640192052352,100.46787509220238
13.890657039211158,100.46787509220238
13.881673886369963,100.46787509220238
13.872690733528767,100.46787509220238
13.86370758068757,100.46787509220238
13.854724427846378,100.46787509220238
13.845741275005182,100.46787509220238
13.836758122163987,100.46787509220238
13.827774969322792,100.46787509220238
13.818791816481594,100.46787509220238
13.809808663640402,100.46787509220238
13.800825510799207,100.46787509220238
13.791842357958009,100.46787509220238
13.782859205116816,100.46787509220238
13.77387605227562,100.46787509220238
13.764892899434427,100.46787509220238
13.75590974659323,100.46787509220238
13.746926593752038,100.46787509220238
13.737943440910842,100.46787509220238
13.728960288069645,100.46787509220238
13.71997713522845,100.46787509220238
13.710993982387253,100.46787509220238
13.70201082954606,100.46787509220238
13.693027676704864,100.46787509220238
13.684044523863669,100.46787509220238
13.675061371022473,100.46787509220238
13.666078218181278,100.46787509220238
13.657095065340085,100.46787509220238
13.648111912498887,100.46787509220238
13.639128759657693,100.46787509220238
13.630145606816498,100.46787509220238
13.6211624539753,100.46787509220238
13.612179301134107,100.46787509220238
13.603196148292914,100.46787509220238
13.594212995451716,100.46787509220238
13.585229842610522,100.46787509220238
13.576246689769329,100.46787509220238
13.567263536928131,100.46787509220238
13.558280384086936,100.46787509220238
13.54929723124574,100.46787509220238
13.540314078404545,100.46787509220238
13.53133092556335,100.46787509220238
13.522347772722151,100.46787509220238
13.962519633813146,100.47713210481072
13.953536480971948,100.47713210481072
13.944553328130754,100.47713210481072
13.935570175289557,100.47713210481072
13.926587022448365,100.47713210481072
13.91760386960717,100.47713210481072
13.90862071676597,100.47713210481072
13.899637563924777,100.47713210481072
13.890654411083583,100.47713210481072
13.881671258242386,100.47713210481072
13.872688105401194,100.47713210481072
13.863704952559997,100.47713210481072
13.854721799718803,100.47713210481072
13.845738646877606,100.47713210481072
13.836755494036414,100.47713210481072
13.827772341195214,100.47713210481072
13.818789188354021,100.47713210481072
13.809806035512825,100.47713210481072
13.800822882671634,100.47713210481072
13.791839729830436,100.47713210481072
13.782856576989241,100.47713210481072
13.773873424148043,100.47713210481072
13.76489027130685,100.47713210481072
13.755907118465656,100.47713210481072
13.746923965624458,100.47713210481072
13.737940812783265,100.47713210481072
13.72895765994207,100.47713210481072
13.719974507100874,100.47713210481072
13.710991354259678,100.47713210481072
13.702008201418483,100.47713210481072
13.693025048577288,100.47713210481072
13.68404189573609,100.47713210481072
13.675058742894896,100.47713210481072
13.666075590053703,100.47713210481072
13.657092437212505,100.47713210481072
13.648109284371312,100.47713210481072
13.639126131530118,100.47713210481072
13.630142978688921,100.47713210481072
13.621159825847727,100.47713210481072
13.612176673006532,100.47713210481072
13.603193520165336,100.47713210481072
13.594210367324141,100.47713210481072
13.585227214482947,100.47713210481072
13.57624406164175,100.47713210481072
13.567260908800554,100.47713210481072
13.55827775595936,100.47713210481072
13.549294603118163,100.47713210481072
13.540311450276969,100.47713210481072
13.531328297435774,100.47713210481072
13.522345144594581,100.47713210481072
13.96251665526879,100.48638911719367
13.953533502427593,100.48638911719367
13.944550349586402,100.48638911719367
13.935567196745207,100.48638911719367
13.926584043904011,100.48638911719367
13.917600891062815,100.48638911719367
13.908617738221619,100.48638911719367
13.899634585380422,100.48638911719367
13.89065143253923,100.48638911719367
13.881668279698031,100.48638911719367
13.872685126856839,100.48638911719367
13.863701974015644,100.48638911719367
13.854718821174448,100.48638911719367
13.845735668333251,100.48638911719367
13.836752515492057,100.48638911719367
13.82776936265086,100.48638911719367
13.818786209809666,100.48638911719367
13.809803056968468,100.48638911719367
13.800819904127279,100.48638911719367
13.791836751286082,100.48638911719367
13.782853598444886,100.48638911719367
13.773870445603688,100.48638911719367
13.764887292762495,100.48638911719367
13.7559041399213,100.48638911719367
13.746920987080104,100.48638911719367
13.73793783423891,100.48638911719367
13.728954681397715,100.48638911719367
13.719971528556519,100.48638911719367
13.710988375715324,100.48638911719367
13.70200522287413,100.48638911719367
13.693022070032931,100.48638911719367
13.684038917191739,100.48638911719367
13.675055764350544,100.48638911719367
13.666072611509346,100.48638911719367
13.65708945866815,100.48638911719367
13.648106305826957,100.48638911719367
13.63912315298576,100.48638911719367
13.630140000144566,100.48638911719367
13.621156847303372,100.48638911719367
13.612173694462175,100.48638911719367
13.60319054162098,100.48638911719367
13.594207388779783,100.48638911719367
13.58522423593859,100.48638911719367
13.576241083097397,100.48638911719367
13.567257930256202,100.48638911719367
13.558274777415004,100.48638911719367
13.54929162457381,100.48638911719367
13.540308471732615,100.48638911719367
13.531325318891417,100.48638911719367
13.522342166050223,100.48638911719367
13.96251332630774,100.49564612932309
13.953530173466547,100.49564612932309
13.944547020625349,100.49564612932309
13.935563867784156,100.49564612932309
13.926580714942961,100.49564612932309
13.917597562101765,100.49564612932309
13.908614409260569,100.49564612932309
13.899631256419376,100.49564612932309
13.890648103578181,100.49564612932309
13.881664950736987,100.49564612932309
13.87268179789579,100.49564612932309
13.863698645054594,100.49564612932309
13.854715492213398,100.49564612932309
13.845732339372205,100.49564612932309
13.836749186531009,100.49564612932309
13.827766033689812,100.49564612932309
13.81878288084862,100.49564612932309
13.809799728007423,100.49564612932309
13.80081657516623,100.49564612932309
13.791833422325032,100.49564612932309
13.782850269483836,100.49564612932309
13.77386711664264,100.49564612932309
13.764883963801445,100.49564612932309
13.755900810960252,100.49564612932309
13.746917658119058,100.49564612932309
13.73793450527786,100.49564612932309
13.728951352436667,100.49564612932309
13.719968199595472,100.49564612932309
13.710985046754274,100.49564612932309
13.702001893913081,100.49564612932309
13.693018741071883,100.49564612932309
13.68403558823069,100.49564612932309
13.675052435389496,100.49564612932309
13.666069282548298,100.49564612932309
13.657086129707103,100.49564612932309
13.648102976865909,100.49564612932309
13.639119824024716,100.49564612932309
13.630136671183518,100.49564612932309
13.621153518342323,100.49564612932309
13.612170365501129,100.49564612932309
13.603187212659934,100.49564612932309
13.594204059818738,100.49564612932309
13.585220906977545,100.49564612932309
13.576237754136347,100.49564612932309
13.567254601295152,100.49564612932309
13.558271448453958,100.49564612932309
13.549288295612762,100.49564612932309
13.540305142771567,100.49564612932309
13.531321989930369,100.49564612932309
13.522338837089176,100.49564612932309
13.962509646930101,100.50490314117079
13.953526494088903,100.50490314117079
13.944543341247709,100.50490314117079
13.935560188406514,100.50490314117079
13.92657703556532,100.50490314117079
13.917593882724125,100.50490314117079
13.90861072988293,100.50490314117079
13.899627577041736,100.50490314117079
13.890644424200538,100.50490314117079
13.881661271359341,100.50490314117079
13.872678118518149,100.50490314117079
13.863694965676952,100.50490314117079
13.854711812835758,100.50490314117079
13.845728659994563,100.50490314117079
13.836745507153367,100.50490314117079
13.827762354312172,100.50490314117079
13.818779201470978,100.50490314117079
13.80979604862978,100.50490314117079
13.800812895788587,100.50490314117079
13.791829742947392,100.50490314117079
13.782846590106196,100.50490314117079
13.773863437265,100.50490314117079
13.764880284423807,100.50490314117079
13.755897131582612,100.50490314117079
13.746913978741416,100.50490314117079
13.73793082590022,100.50490314117079
13.728947673059027,100.50490314117079
13.71996452021783,100.50490314117079
13.710981367376634,100.50490314117079
13.701998214535438,100.50490314117079
13.693015061694243,100.50490314117079
13.684031908853045,100.50490314117079
13.675048756011856,100.50490314117079
13.666065603170658,100.50490314117079
13.657082450329463,100.50490314117079
13.648099297488267,100.50490314117079
13.63911614464707,100.50490314117079
13.630132991805878,100.50490314117079
13.621149838964685,100.50490314117079
13.612166686123487,100.50490314117079
13.603183533282294,100.50490314117079
13.594200380441094,100.50490314117079
13.585217227599902,100.50490314117079
13.576234074758707,100.50490314117079
13.567250921917509,100.50490314117079
13.558267769076316,100.50490314117079
13.54928461623512,100.50490314117079
13.540301463393927,100.50490314117079
13.531318310552729,100.50490314117079
13.522335157711534,100.50490314117079
13.962505617135966,100.5141601527086
13.953522464294773,100.5141601527086
13.944539311453575,100.5141601527086
13.93555615861238,100.5141601527086
13.926573005771186,100.5141601527086
13.917589852929993,100.5141601527086
13.908606700088795,100.5141601527086
13.8996235472476,100.5141601527086
13.890640394406406,100.5141601527086
13.881657241565208,100.5141601527086
13.872674088724015,100.5141601527086
13.863690935882817,100.5141601527086
13.854707783041627,100.5141601527086
13.84572463020043,100.5141601527086
13.836741477359237,100.5141601527086
13.827758324518038,100.5141601527086
13.818775171676842,100.5141601527086
13.80979201883565,100.5141601527086
13.800808865994451,100.5141601527086
13.791825713153258,100.5141601527086
13.78284256031206,100.5141601527086
13.773859407470866,100.5141601527086
13.764876254629673,100.5141601527086
13.755893101788477,100.5141601527086
13.746909948947282,100.5141601527086
13.737926796106088,100.5141601527086
13.728943643264893,100.5141601527086
13.719960490423698,100.5141601527086
13.710977337582502,100.5141601527086
13.701994184741306,100.5141601527086
13.69301103190011,100.5141601527086
13.684027879058915,100.5141601527086
13.675044726217722,100.5141601527086
13.666061573376524,100.5141601527086
13.657078420535328,100.5141601527086
13.648095267694137,100.5141601527086
13.639112114852939,100.5141601527086
13.630128962011744,100.5141601527086
13.621145809170548,100.5141601527086
13.612162656329353,100.5141601527086
13.603179503488159,100.5141601527086
13.594196350646964,100.5141601527086
13.58521319780577,100.5141601527086
13.576230044964573,100.5141601527086
13.567246892123377,100.5141601527086
13.558263739282184,100.5141601527086
13.549280586440986,100.5141601527086
13.540297433599793,100.5141601527086
13.531314280758595,100.5141601527086
13.522331127917402,100.5141601527086
13.96250123692547,100.52341716390833
13.953518084084275,100.52341716390833
13.94453493124308,100.52341716390833
13.935551778401885,100.52341716390833
13.926568625560693,100.52341716390833
13.917585472719495,100.52341716390833
13.9086023198783,100.52341716390833
13.899619167037104,100.52341716390833
13.89063601419591,100.52341716390833
13.881652861354716,100.52341716390833
13.87266970851352,100.52341716390833
13.863686555672322,100.52341716390833
13.854703402831129,100.52341716390833
13.845720249989935,100.52341716390833
13.836737097148738,100.52341716390833
13.827753944307542,100.52341716390833
13.818770791466351,100.52341716390833
13.809787638625153,100.52341716390833
13.800804485783958,100.52341716390833
13.791821332942765,100.52341716390833
13.782838180101567,100.52341716390833
13.77385502726037,100.52341716390833
13.764871874419178,100.52341716390833
13.755888721577985,100.52341716390833
13.746905568736787,100.52341716390833
13.737922415895593,100.52341716390833
13.728939263054398,100.52341716390833
13.719956110213204,100.52341716390833
13.710972957372006,100.52341716390833
13.701989804530813,100.52341716390833
13.693006651689615,100.52341716390833
13.684023498848422,100.52341716390833
13.675040346007224,100.52341716390833
13.66605719316603,100.52341716390833
13.657074040324835,100.52341716390833
13.648090887483638,100.52341716390833
13.639107734642444,100.52341716390833
13.63012458180125,100.52341716390833
13.621141428960053,100.52341716390833
13.612158276118858,100.52341716390833
13.603175123277666,100.52341716390833
13.59419197043647,100.52341716390833
13.585208817595271,100.52341716390833
13.57622566475408,100.52341716390833
13.567242511912886,100.52341716390833
13.558259359071686,100.52341716390833
13.549276206230491,100.52341716390833
13.540293053389298,100.52341716390833
13.531309900548102,100.52341716390833
13.522326747706908,100.52341716390833
13.962496506298725,100.53267417474187
13.953513353457533,100.53267417474187
13.944530200616336,100.53267417474187
13.935547047775144,100.53267417474187
13.926563894933947,100.53267417474187
13.917580742092753,100.53267417474187
13.908597589251556,100.53267417474187
13.899614436410364,100.53267417474187
13.890631283569165,100.53267417474187
13.88164813072797,100.53267417474187
13.872664977886778,100.53267417474187
13.86368182504558,100.53267417474187
13.854698672204385,100.53267417474187
13.845715519363187,100.53267417474187
13.836732366521995,100.53267417474187
13.827749213680796,100.53267417474187
13.818766060839604,100.53267417474187
13.809782907998407,100.53267417474187
13.800799755157215,100.53267417474187
13.791816602316018,100.53267417474187
13.782833449474824,100.53267417474187
13.773850296633627,100.53267417474187
13.764867143792435,100.53267417474187
13.755883990951238,100.53267417474187
13.746900838110044,100.53267417474187
13.73791768526885,100.53267417474187
13.728934532427653,100.53267417474187
13.719951379586458,100.53267417474187
13.710968226745264,100.53267417474187
13.701985073904066,100.53267417474187
13.693001921062871,100.53267417474187
13.684018768221675,100.53267417474187
13.67503561538048,100.53267417474187
13.666052462539286,100.53267417474187
13.657069309698088,100.53267417474187
13.648086156856895,100.53267417474187
13.639103004015698,100.53267417474187
13.630119851174506,100.53267417474187
13.621136698333311,100.53267417474187
13.612153545492115,100.53267417474187
13.60317039265092,100.53267417474187
13.594187239809722,100.53267417474187
13.585204086968531,100.53267417474187
13.576220934127337,100.53267417474187
13.567237781286138,100.53267417474187
13.558254628444942,100.53267417474187
13.549271475603746,100.53267417474187
13.540288322762553,100.53267417474187
13.531305169921357,100.53267417474187
13.522322017080166,100.53267417474187
13.962491425255882,100.54193118518097
13.953508272414687,100.54193118518097
13.94452511957349,100.54193118518097
13.935541966732297,100.54193118518097
13.926558813891102,100.54193118518097
13.917575661049908,100.54193118518097
13.908592508208711,100.54193118518097
13.899609355367517,100.54193118518097
13.89062620252632,100.54193118518097
13.881643049685126,100.54193118518097
13.87265989684393,100.54193118518097
13.863676744002731,100.54193118518097
13.854693591161542,100.54193118518097
13.845710438320344,100.54193118518097
13.836727285479151,100.54193118518097
13.827744132637953,100.54193118518097
13.818760979796759,100.54193118518097
13.809777826955564,100.54193118518097
13.800794674114368,100.54193118518097
13.791811521273175,100.54193118518097
13.782828368431979,100.54193118518097
13.77384521559078,100.54193118518097
13.764862062749588,100.54193118518097
13.755878909908393,100.54193118518097
13.746895757067197,100.54193118518097
13.737912604226,100.54193118518097
13.728929451384808,100.54193118518097
13.719946298543613,100.54193118518097
13.710963145702415,100.54193118518097
13.701979992861222,100.54193118518097
13.692996840020024,100.54193118518097
13.68401368717883,100.54193118518097
13.675030534337637,100.54193118518097
13.666047381496442,100.54193118518097
13.657064228655244,100.54193118518097
13.64808107581405,100.54193118518097
13.639097922972853,100.54193118518097
13.630114770131659,100.54193118518097
13.621131617290464,100.54193118518097
13.612148464449268,100.54193118518097
13.603165311608075,100.54193118518097
13.59418215876688,100.54193118518097
13.585199005925686,100.54193118518097
13.57621585308449,100.54193118518097
13.567232700243293,100.54193118518097
13.558249547402095,100.54193118518097
13.5492663945609,100.54193118518097
13.54028324171971,100.54193118518097
13.53130008887851,100.54193118518097
13.522316936037315,100.54193118518097
13.962485993797078,100.55118819519751
13.953502840955883,100.55118819519751
13.944519688114687,100.55118819519751
13.935536535273492,100.55118819519751
13.926553382432298,100.55118819519751
13.917570229591105,100.55118819519751
13.908587076749907,100.55118819519751
13.899603923908712,100.55118819519751
13.89062077106752,100.55118819519751
13.881637618226321,100.55118819519751
13.872654465385127,100.55118819519751
13.863671312543929,100.55118819519751
13.854688159702738,100.55118819519751
13.84570500686154,100.55118819519751
13.836721854020348,100.55118819519751
13.82773870117915,100.55118819519751
13.818755548337954,100.55118819519751
13.809772395496758,100.55118819519751
13.800789242655565,100.55118819519751
13.791806089814369,100.55118819519751
13.782822936973176,100.55118819519751
13.773839784131978,100.55118819519751
13.764856631290783,100.55118819519751
13.755873478449587,100.55118819519751
13.746890325608398,100.55118819519751
13.7379071727672,100.55118819519751
13.728924019926001,100.55118819519751
13.719940867084809,100.55118819519751
13.710957714243612,100.55118819519751
13.70197456140242,100.55118819519751
13.692991408561221,100.55118819519751
13.684008255720027,100.55118819519751
13.675025102878834,100.55118819519751
13.666041950037636,100.55118819519751
13.657058797196441,100.55118819519751
13.648075644355247,100.55118819519751
13.639092491514049,100.55118819519751
13.630109338672854,100.55118819519751
13.621126185831658,100.55118819519751
13.612143032990465,100.55118819519751
13.60315988014927,100.55118819519751
13.594176727308076,100.55118819519751
13.58519357446688,100.55118819519751
13.576210421625683,100.55118819519751
13.567227268784492,100.55118819519751
13.558244115943292,100.55118819519751
13.549260963102098,100.55118819519751
13.540277810260905,100.55118819519751
13.531294657419707,100.55118819519751
13.522311504578512,100.55118819519751
13.962480211922475,100.56044520476331
13.95349705908128,100.56044520476331
13.944513906240086,100.56044520476331
13.93553075339889,100.56044520476331
13.926547600557694,100.56044520476331
13.9175644477165,100.56044520476331
13.908581294875304,100.56044520476331
13.89959814203411,100.56044520476331
13.890614989192917,100.56044520476331
13.881631836351719,100.56044520476331
13.872648683510524,100.56044520476331
13.863665530669328,100.56044520476331
13.854682377828134,100.56044520476331
13.845699224986937,100.56044520476331
13.836716072145745,100.56044520476331
13.827732919304546,100.56044520476331
13.818749766463352,100.56044520476331
13.809766613622154,100.56044520476331
13.800783460780965,100.56044520476331
13.791800307939766,100.56044520476331
13.782817155098572,100.56044520476331
13.773834002257374,100.56044520476331
13.764850849416181,100.56044520476331
13.755867696574986,100.56044520476331
13.746884543733794,100.56044520476331
13.737901390892594,100.56044520476331
13.728918238051403,100.56044520476331
13.719935085210208,100.56044520476331
13.71095193236901,100.56044520476331
13.701968779527816,100.56044520476331
13.692985626686621,100.56044520476331
13.684002473845423,100.56044520476331
13.675019321004228,100.56044520476331
13.666036168163032,100.56044520476331
13.657053015321836,100.56044520476331
13.648069862480645,100.56044520476331
13.639086709639447,100.56044520476331
13.630103556798254,100.56044520476331
13.621120403957057,100.56044520476331
13.612137251115861,100.56044520476331
13.603154098274667,100.56044520476331
13.594170945433472,100.56044520476331
13.58518779259228,100.56044520476331
13.576204639751083,100.56044520476331
13.567221486909887,100.56044520476331
13.558238334068692,100.56044520476331
13.549255181227494,100.56044520476331
13.540272028386303,100.56044520476331
13.531288875545107,100.56044520476331
13.522305722703914,100.56044520476331
13.962474079632242,100.56970221385018
13.953490926791048,100.56970221385018
13.94450777394985,100.56970221385018
13.93552462110866,100.56970221385018
13.926541468267462,100.56970221385018
13.917558315426268,100.56970221385018
13.908575162585072,100.56970221385018
13.899592009743877,100.56970221385018
13.890608856902682,100.56970221385018
13.881625704061486,100.56970221385018
13.87264255122029,100.56970221385018
13.863659398379095,100.56970221385018
13.854676245537902,100.56970221385018
13.845693092696704,100.56970221385018
13.836709939855512,100.56970221385018
13.827726787014312,100.56970221385018
13.818743634173119,100.56970221385018
13.80976048133192,100.56970221385018
13.800777328490728,100.56970221385018
13.791794175649533,100.56970221385018
13.782811022808339,100.56970221385018
13.77382786996714,100.56970221385018
13.764844717125948,100.56970221385018
13.755861564284753,100.56970221385018
13.746878411443557,100.56970221385018
13.737895258602364,100.56970221385018
13.728912105761168,100.56970221385018
13.719928952919973,100.56970221385018
13.710945800078777,100.56970221385018
13.70196264723758,100.56970221385018
13.692979494396385,100.56970221385018
13.683996341555192,100.56970221385018
13.675013188713995,100.56970221385018
13.666030035872803,100.56970221385018
13.657046883031606,100.56970221385018
13.648063730190412,100.56970221385018
13.639080577349214,100.56970221385018
13.630097424508019,100.56970221385018
13.621114271666826,100.56970221385018
13.612131118825628,100.56970221385018
13.603147965984434,100.56970221385018
13.594164813143239,100.56970221385018
13.585181660302046,100.56970221385018
13.576198507460848,100.56970221385018
13.567215354619652,100.56970221385018
13.55823220177846,100.56970221385018
13.549249048937263,100.56970221385018
13.540265896096068,100.56970221385018
13.531282743254874,100.56970221385018
13.522299590413677,100.56970221385018
13.962467596926562,100.57895922242999
13.953484444085367,100.57895922242999
13.944501291244169,100.57895922242999
13.935518138402976,100.57895922242999
13.926534985561782,100.57895922242999
13.917551832720584,100.57895922242999
13.908568679879389,100.57895922242999
13.899585527038194,100.57895922242999
13.890602374196998,100.57895922242999
13.881619221355805,100.57895922242999
13.872636068514609,100.57895922242999
13.863652915673413,100.57895922242999
13.854669762832218,100.57895922242999
13.845686609991024,100.57895922242999
13.83670345714983,100.57895922242999
13.827720304308633,100.57895922242999
13.818737151467436,100.57895922242999
13.80975399862624,100.57895922242999
13.800770845785047,100.57895922242999
13.791787692943855,100.57895922242999
13.782804540102658,100.57895922242999
13.77382138726146,100.57895922242999
13.764838234420267,100.57895922242999
13.755855081579073,100.57895922242999
13.74687192873788,100.57895922242999
13.737888775896682,100.57895922242999
13.72890562305549,100.57895922242999
13.719922470214291,100.57895922242999
13.710939317373096,100.57895922242999
13.701956164531898,100.57895922242999
13.692973011690706,100.57895922242999
13.68398985884951,100.57895922242999
13.675006706008316,100.57895922242999
13.666023553167118,100.57895922242999
13.657040400325924,100.57895922242999
13.64805724748473,100.57895922242999
13.639074094643533,100.57895922242999
13.63009094180234,100.57895922242999
13.621107788961144,100.57895922242999
13.612124636119946,100.57895922242999
13.603141483278753,100.57895922242999
13.594158330437558,100.57895922242999
13.585175177596366,100.57895922242999
13.576192024755166,100.57895922242999
13.56720887191397,100.57895922242999
13.558225719072777,100.57895922242999
13.549242566231584,100.57895922242999
13.540259413390388,100.57895922242999
13.531276260549191,100.57895922242999
13.522293107707997,100.57895922242999
13.962460763805616,100.5882162304745
13.953477610964422,100.5882162304745
13.944494458123224,100.5882162304745
13.93551130528203,100.5882162304745
13.926528152440836,100.5882162304745
13.917544999599638,100.5882162304745
13.908561846758445,100.5882162304745
13.899578693917247,100.5882162304745
13.890595541076054,100.5882162304745
13.881612388234858,100.5882162304745
13.872629235393662,100.5882162304745
13.863646082552467,100.5882162304745
13.854662929711273,100.5882162304745
13.845679776870078,100.5882162304745
13.836696624028884,100.5882162304745
13.827713471187687,100.5882162304745
13.818730318346493,100.5882162304745
13.809747165505296,100.5882162304745
13.800764012664102,100.5882162304745
13.791780859822907,100.5882162304745
13.78279770698171,100.5882162304745
13.773814554140516,100.5882162304745
13.764831401299322,100.5882162304745
13.755848248458124,100.5882162304745
13.746865095616931,100.5882162304745
13.737881942775738,100.5882162304745
13.72889878993454,100.5882162304745
13.719915637093344,100.5882162304745
13.71093248425215,100.5882162304745
13.701949331410955,100.5882162304745
13.692966178569758,100.5882162304745
13.683983025728566,100.5882162304745
13.674999872887367,100.5882162304745
13.666016720046173,100.5882162304745
13.65703356720498,100.5882162304745
13.648050414363786,100.5882162304745
13.639067261522587,100.5882162304745
13.630084108681393,100.5882162304745
13.621100955840197,100.5882162304745
13.612117802999002,100.5882162304745
13.603134650157807,100.5882162304745
13.594151497316611,100.5882162304745
13.585168344475417,100.5882162304745
13.576185191634222,100.5882162304745
13.567202038793026,100.5882162304745
13.558218885951831,100.5882162304745
13.549235733110637,100.5882162304745
13.540252580269438,100.5882162304745
13.531269427428244,100.5882162304745
13.52228627458705,100.5882162304745
13.962453580269607,100.5974732379556
13.953470427428416,100.5974732379556
13.944487274587216,100.5974732379556
13.935504121746023,100.5974732379556
13.92652096890483,100.5974732379556
13.91753781606363,100.5974732379556
13.908554663222437,100.5974732379556
13.899571510381243,100.5974732379556
13.890588357540048,100.5974732379556
13.88160520469885,100.5974732379556
13.872622051857656,100.5974732379556
13.863638899016463,100.5974732379556
13.854655746175267,100.5974732379556
13.84567259333407,100.5974732379556
13.836689440492878,100.5974732379556
13.82770628765168,100.5974732379556
13.818723134810485,100.5974732379556
13.80973998196929,100.5974732379556
13.800756829128094,100.5974732379556
13.7917736762869,100.5974732379556
13.782790523445707,100.5974732379556
13.773807370604509,100.5974732379556
13.764824217763314,100.5974732379556
13.755841064922121,100.5974732379556
13.746857912080923,100.5974732379556
13.73787475923973,100.5974732379556
13.728891606398536,100.5974732379556
13.719908453557341,100.5974732379556
13.710925300716143,100.5974732379556
13.70194214787495,100.5974732379556
13.692958995033752,100.5974732379556
13.683975842192558,100.5974732379556
13.674992689351363,100.5974732379556
13.666009536510169,100.5974732379556
13.65702638366897,100.5974732379556
13.648043230827778,100.5974732379556
13.63906007798658,100.5974732379556
13.630076925145387,100.5974732379556
13.621093772304192,100.5974732379556
13.612110619462994,100.5974732379556
13.603127466621801,100.5974732379556
13.594144313780605,100.5974732379556
13.585161160939412,100.5974732379556
13.576178008098214,100.5974732379556
13.56719485525702,100.5974732379556
13.558211702415827,100.5974732379556
13.549228549574629,100.5974732379556
13.540245396733434,100.5974732379556
13.53126224389224,100.5974732379556
13.522279091051043,100.5974732379556
13.96244604631875,100.6067302448451
13.953462893477553,100.6067302448451
13.944479740636357,100.6067302448451
13.935496587795164,100.6067302448451
13.926513434953968,100.6067302448451
13.917530282112775,100.6067302448451
13.908547129271577,100.6067302448451
13.899563976430384,100.6067302448451
13.89058082358919,100.6067302448451
13.881597670747992,100.6067302448451
13.872614517906795,100.6067302448451
13.863631365065602,100.6067302448451
13.85464821222441,100.6067302448451
13.845665059383212,100.6067302448451
13.836681906542017,100.6067302448451
13.82769875370082,100.6067302448451
13.818715600859626,100.6067302448451
13.809732448018428,100.6067302448451
13.800749295177239,100.6067302448451
13.79176614233604,100.6067302448451
13.782782989494846,100.6067302448451
13.773799836653648,100.6067302448451
13.764816683812455,100.6067302448451
13.755833530971259,100.6067302448451
13.746850378130066,100.6067302448451
13.73786722528887,100.6067302448451
13.728884072447675,100.6067302448451
13.719900919606477,100.6067302448451
13.710917766765283,100.6067302448451
13.701934613924085,100.6067302448451
13.692951461082892,100.6067302448451
13.683968308241697,100.6067302448451
13.674985155400504,100.6067302448451
13.666002002559306,100.6067302448451
13.657018849718112,100.6067302448451
13.648035696876917,100.6067302448451
13.639052544035723,100.6067302448451
13.630069391194525,100.6067302448451
13.621086238353332,100.6067302448451
13.612103085512139,100.6067302448451
13.60311993267094,100.6067302448451
13.594136779829746,100.6067302448451
13.585153626988552,100.6067302448451
13.576170474147354,100.6067302448451
13.567187321306161,100.6067302448451
13.558204168464966,100.6067302448451
13.549221015623768,100.6067302448451
13.540237862782575,100.6067302448451
13.531254709941377,100.6067302448451
13.522271557100183,100.6067302448451
13.962438161953253,100.61598725111482
13.953455009112059,100.61598725111482
13.944471856270864,100.61598725111482
13.935488703429671,100.61598725111482
13.926505550588473,100.61598725111482
13.91752239774728,100.61598725111482
13.908539244906086,100.61598725111482
13.899556092064888,100.61598725111482
13.890572939223695,100.61598725111482
13.881589786382497,100.61598725111482
13.8726066335413,100.61598725111482
13.863623480700108,100.61598725111482
13.854640327858915,100.61598725111482
13.845657175017719,100.61598725111482
13.836674022176522,100.61598725111482
13.827690869335324,100.61598725111482
13.81870771649413,100.61598725111482
13.809724563652937,100.61598725111482
13.800741410811742,100.61598725111482
13.791758257970546,100.61598725111482
13.782775105129353,100.61598725111482
13.773791952288157,100.61598725111482
13.76480879944696,100.61598725111482
13.755825646605766,100.61598725111482
13.746842493764573,100.61598725111482
13.737859340923375,100.61598725111482
13.728876188082182,100.61598725111482
13.719893035240986,100.61598725111482
13.710909882399788,100.61598725111482
13.701926729558595,100.61598725111482
13.692943576717399,100.61598725111482
13.683960423876202,100.61598725111482
13.67497727103501,100.61598725111482
13.665994118193815,100.61598725111482
13.657010965352617,100.61598725111482
13.648027812511424,100.61598725111482
13.639044659670228,100.61598725111482
13.63006150682903,100.61598725111482
13.621078353987837,100.61598725111482
13.612095201146639,100.61598725111482
13.60311204830545,100.61598725111482
13.594128895464252,100.61598725111482
13.585145742623057,100.61598725111482
13.576162589781864,100.61598725111482
13.567179436940664,100.61598725111482
13.558196284099472,100.61598725111482
13.549213131258275,100.61598725111482
13.54022997841708,100.61598725111482
13.531246825575886,100.61598725111482
13.522263672734688,100.61598725111482
13.962429927173352,100.6252442567366
13.953446774332159,100.6252442567366
13.94446362149096,100.6252442567366
13.935480468649768,100.6252442567366
13.926497315808573,100.6252442567366
13.917514162967375,100.6252442567366
13.90853101012618,100.6252442567366
13.899547857284986,100.6252442567366
13.89056470444379,100.6252442567366
13.881581551602595,100.6252442567366
13.872598398761397,100.6252442567366
13.863615245920203,100.6252442567366
13.85463209307901,100.6252442567366
13.845648940237815,100.6252442567366
13.836665787396619,100.6252442567366
13.827682634555423,100.6252442567366
13.818699481714232,100.6252442567366
13.809716328873034,100.6252442567366
13.800733176031837,100.6252442567366
13.791750023190644,100.6252442567366
13.78276687034945,100.6252442567366
13.77378371750825,100.6252442567366
13.764800564667059,100.6252442567366
13.755817411825864,100.6252442567366
13.746834258984668,100.6252442567366
13.737851106143472,100.6252442567366
13.728867953302279,100.6252442567366
13.719884800461081,100.6252442567366
13.710901647619886,100.6252442567366
13.701918494778694,100.6252442567366
13.692935341937496,100.6252442567366
13.683952189096303,100.6252442567366
13.674969036255105,100.6252442567366
13.665985883413912,100.6252442567366
13.657002730572714,100.6252442567366
13.648019577731521,100.6252442567366
13.639036424890326,100.6252442567366
13.63005327204913,100.6252442567366
13.621070119207936,100.6252442567366
13.61208696636674,100.6252442567366
13.603103813525543,100.6252442567366
13.59412066068435,100.6252442567366
13.585137507843154,100.6252442567366
13.57615435500196,100.6252442567366
13.567171202160761,100.6252442567366
13.558188049319567,100.6252442567366
13.549204896478374,100.6252442567366
13.54022174363718,100.6252442567366
13.53123859079598,100.6252442567366
13.522255437954787,100.6252442567366
13.962421341979296,100.63450126168226
13.9534381891381,100.63450126168226
13.944455036296905,100.63450126168226
13.93547188345571,100.63450126168226
13.926488730614514,100.63450126168226
13.91750557777332,100.63450126168226
13.908522424932125,100.63450126168226
13.899539272090928,100.63450126168226
13.890556119249736,100.63450126168226
13.881572966408536,100.63450126168226
13.872589813567343,100.63450126168226
13.863606660726147,100.63450126168226
13.854623507884956,100.63450126168226
13.845640355043756,100.63450126168226
13.836657202202563,100.63450126168226
13.827674049361368,100.63450126168226
13.81869089652017,100.63450126168226
13.809707743678974,100.63450126168226
13.800724590837781,100.63450126168226
13.791741437996588,100.63450126168226
13.782758285155392,100.63450126168226
13.773775132314196,100.63450126168226
13.764791979473003,100.63450126168226
13.755808826631807,100.63450126168226
13.746825673790612,100.63450126168226
13.737842520949414,100.63450126168226
13.72885936810822,100.63450126168226
13.719876215267027,100.63450126168226
13.710893062425829,100.63450126168226
13.701909909584634,100.63450126168226
13.692926756743438,100.63450126168226
13.683943603902241,100.63450126168226
13.674960451061049,100.63450126168226
13.665977298219852,100.63450126168226
13.656994145378654,100.63450126168226
13.648010992537463,100.63450126168226
13.639027839696269,100.63450126168226
13.630044686855074,100.63450126168226
13.621061534013876,100.63450126168226
13.612078381172685,100.63450126168226
13.603095228331489,100.63450126168226
13.594112075490292,100.63450126168226
13.585128922649098,100.63450126168226
13.576145769807903,100.63450126168226
13.567162616966705,100.63450126168226
13.55817946412551,100.63450126168226
13.549196311284316,100.63450126168226
13.54021315844312,100.63450126168226
13.531230005601925,100.63450126168226
13.52224685276073,100.63450126168226
13.962412406371316,100.64375826592364
13.953429253530121,100.64375826592364
13.944446100688927,100.64375826592364
13.935462947847732,100.64375826592364
13.926479795006536,100.64375826592364
13.91749664216534,100.64375826592364
13.908513489324143,100.64375826592364
13.899530336482949,100.64375826592364
13.890547183641758,100.64375826592364
13.881564030800558,100.64375826592364
13.872580877959365,100.64375826592364
13.863597725118169,100.64375826592364
13.854614572276978,100.64375826592364
13.845631419435778,100.64375826592364
13.836648266594585,100.64375826592364
13.827665113753387,100.64375826592364
13.818681960912192,100.64375826592364
13.809698808070998,100.64375826592364
13.800715655229805,100.64375826592364
13.791732502388609,100.64375826592364
13.78274934954741,100.64375826592364
13.773766196706218,100.64375826592364
13.764783043865021,100.64375826592364
13.755799891023829,100.64375826592364
13.746816738182632,100.64375826592364
13.737833585341434,100.64375826592364
13.728850432500241,100.64375826592364
13.719867279659049,100.64375826592364
13.71088412681785,100.64375826592364
13.701900973976656,100.64375826592364
13.692917821135458,100.64375826592364
13.683934668294265,100.64375826592364
13.674951515453072,100.64375826592364
13.665968362611874,100.64375826592364
13.656985209770676,100.64375826592364
13.648002056929485,100.64375826592364
13.639018904088289,100.64375826592364
13.630035751247092,100.64375826592364
13.621052598405898,100.64375826592364
13.612069445564703,100.64375826592364
13.603086292723507,100.64375826592364
13.594103139882314,100.64375826592364
13.585119987041118,100.64375826592364
13.576136834199922,100.64375826592364
13.567153681358727,100.64375826592364
13.558170528517534,100.64375826592364
13.549187375676336,100.64375826592364
13.540204222835143,100.64375826592364
13.531221069993945,100.64375826592364
13.52223791715275,100.64375826592364
13.962403120349686,100.65301526943257
13.95341996750849,100.65301526943257
13.944436814667297,100.65301526943257
13.9354536618261,100.65301526943257
13.926470508984906,100.65301526943257
13.917487356143711,100.65301526943257
13.908504203302515,100.65301526943257
13.899521050461322,100.65301526943257
13.890537897620126,100.65301526943257
13.88155474477893,100.65301526943257
13.872571591937735,100.65301526943257
13.863588439096537,100.65301526943257
13.854605286255344,100.65301526943257
13.845622133414148,100.65301526943257
13.836638980572955,100.65301526943257
13.827655827731759,100.65301526943257
13.818672674890562,100.65301526943257
13.80968952204937,100.65301526943257
13.800706369208172,100.65301526943257
13.791723216366979,100.65301526943257
13.782740063525782,100.65301526943257
13.773756910684584,100.65301526943257
13.764773757843393,100.65301526943257
13.755790605002197,100.65301526943257
13.746807452161004,100.65301526943257
13.737824299319806,100.65301526943257
13.728841146478612,100.65301526943257
13.719857993637415,100.65301526943257
13.710874840796219,100.65301526943257
13.701891687955026,100.65301526943257
13.69290853511383,100.65301526943257
13.683925382272635,100.65301526943257
13.67494222943144,100.65301526943257
13.665959076590244,100.65301526943257
13.656975923749048,100.65301526943257
13.647992770907855,100.65301526943257
13.639009618066657,100.65301526943257
13.630026465225464,100.65301526943257
13.62104331238427,100.65301526943257
13.612060159543075,100.65301526943257
13.603077006701877,100.65301526943257
13.594093853860683,100.65301526943257
13.58511070101949,100.65301526943257
13.576127548178293,100.65301526943257
13.567144395337097,100.65301526943257
13.558161242495904,100.65301526943257
13.549178089654704,100.65301526943257
13.540194936813512,100.65301526943257
13.531211783972319,100.65301526943257
13.522228631131123,100.65301526943257
13.96239348391467,100.66227227218086
13.953410331073478,100.66227227218086
13.94442717823228,100.66227227218086
13.935444025391087,100.66227227218086
13.926460872549892,100.66227227218086
13.9174777197087,100.66227227218086
13.908494566867502,100.66227227218086
13.899511414026307,100.66227227218086
13.890528261185112,100.66227227218086
13.881545108343914,100.66227227218086
13.87256195550272,100.66227227218086
13.863578802661523,100.66227227218086
13.854595649820334,100.66227227218086
13.845612496979136,100.66227227218086
13.836629344137938,100.66227227218086
13.827646191296743,100.66227227218086
13.818663038455549,100.66227227218086
13.809679885614353,100.66227227218086
13.800696732773158,100.66227227218086
13.791713579931965,100.66227227218086
13.782730427090769,100.66227227218086
13.773747274249573,100.66227227218086
13.764764121408378,100.66227227218086
13.755780968567183,100.66227227218086
13.74679781572599,100.66227227218086
13.737814662884793,100.66227227218086
13.728831510043598,100.66227227218086
13.7198483572024,100.66227227218086
13.710865204361207,100.66227227218086
13.701882051520009,100.66227227218086
13.692898898678814,100.66227227218086
13.68391574583762,100.66227227218086
13.674932592996429,100.66227227218086
13.66594944015523,100.66227227218086
13.656966287314035,100.66227227218086
13.647983134472842,100.66227227218086
13.638999981631647,100.66227227218086
13.630016828790453,100.66227227218086
13.621033675949255,100.66227227218086
13.612050523108058,100.66227227218086
13.603067370266865,100.66227227218086
13.59408421742567,100.66227227218086
13.585101064584476,100.66227227218086
13.576117911743278,100.66227227218086
13.567134758902084,100.66227227218086
13.558151606060887,100.66227227218086
13.549168453219693,100.66227227218086
13.540185300378498,100.66227227218086
13.531202147537305,100.66227227218086
13.522218994696106,100.66227227218086
13.962383497066556,100.67152927414037
13.953400344225361,100.67152927414037
13.944417191384169,100.67152927414037
13.935434038542974,100.67152927414037
13.926450885701778,100.67152927414037
13.917467732860583,100.67152927414037
13.908484580019385,100.67152927414037
13.89950142717819,100.67152927414037
13.890518274337,100.67152927414037
13.881535121495798,100.67152927414037
13.872551968654605,100.67152927414037
13.86356881581341,100.67152927414037
13.854585662972214,100.67152927414037
13.845602510131018,100.67152927414037
13.836619357289825,100.67152927414037
13.82763620444863,100.67152927414037
13.818653051607434,100.67152927414037
13.80966989876624,100.67152927414037
13.800686745925045,100.67152927414037
13.791703593083849,100.67152927414037
13.782720440242654,100.67152927414037
13.77373728740146,100.67152927414037
13.764754134560262,100.67152927414037
13.75577098171907,100.67152927414037
13.746787828877874,100.67152927414037
13.737804676036676,100.67152927414037
13.728821523195483,100.67152927414037
13.719838370354289,100.67152927414037
13.710855217513092,100.67152927414037
13.701872064671896,100.67152927414037
13.692888911830702,100.67152927414037
13.683905758989505,100.67152927414037
13.67492260614831,100.67152927414037
13.665939453307116,100.67152927414037
13.65695630046592,100.67152927414037
13.647973147624725,100.67152927414037
13.63898999478353,100.67152927414037
13.630006841942334,100.67152927414037
13.621023689101142,100.67152927414037
13.612040536259945,100.67152927414037
13.603057383418749,100.67152927414037
13.594074230577554,100.67152927414037
13.58509107773636,100.67152927414037
13.576107924895167,100.67152927414037
13.567124772053969,100.67152927414037
13.558141619212773,100.67152927414037
13.549158466371576,100.67152927414037
13.540175313530384,100.67152927414037
13.531192160689187,100.67152927414037
13.522209007847994,100.67152927414037
13.962373159805633,100.6807862752829
13.953390006964437,100.6807862752829
13.94440685412324,100.6807862752829
13.935423701282046,100.6807862752829
13.926440548440853,100.6807862752829
13.917457395599659,100.6807862752829
13.90847424275846,100.6807862752829
13.899491089917266,100.6807862752829
13.890507937076073,100.6807862752829
13.881524784234877,100.6807862752829
13.87254163139368,100.6807862752829
13.863558478552486,100.6807862752829
13.854575325711293,100.6807862752829
13.845592172870095,100.6807862752829
13.8366090200289,100.6807862752829
13.827625867187704,100.6807862752829
13.818642714346511,100.6807862752829
13.809659561505317,100.6807862752829
13.800676408664119,100.6807862752829
13.791693255822926,100.6807862752829
13.78271010298173,100.6807862752829
13.773726950140533,100.6807862752829
13.764743797299337,100.6807862752829
13.75576064445814,100.6807862752829
13.746777491616951,100.6807862752829
13.737794338775753,100.6807862752829
13.72881118593456,100.6807862752829
13.719828033093366,100.6807862752829
13.710844880252166,100.6807862752829
13.701861727410973,100.6807862752829
13.692878574569775,100.6807862752829
13.68389542172858,100.6807862752829
13.674912268887388,100.6807862752829
13.66592911604619,100.6807862752829
13.656945963204995,100.6807862752829
13.6479628103638,100.6807862752829
13.638979657522604,100.6807862752829
13.629996504681412,100.6807862752829
13.621013351840217,100.6807862752829
13.612030198999022,100.6807862752829
13.603047046157824,100.6807862752829
13.594063893316628,100.6807862752829
13.585080740475435,100.6807862752829
13.57609758763424,100.6807862752829
13.567114434793044,100.6807862752829
13.55813128195185,100.6807862752829
13.549148129110657,100.6807862752829
13.540164976269459,100.6807862752829
13.53118182342826,100.6807862752829
13.522198670587068,100.6807862752829
13.962362472132197,100.6900432755803
13.953379319291,100.6900432755803
13.944396166449806,100.6900432755803
13.935413013608612,100.6900432755803
13.926429860767419,100.6900432755803
13.917446707926223,100.6900432755803
13.908463555085026,100.6900432755803
13.89948040224383,100.6900432755803
13.890497249402635,100.6900432755803
13.881514096561437,100.6900432755803
13.872530943720244,100.6900432755803
13.86354779087905,100.6900432755803
13.854564638037857,100.6900432755803
13.845581485196657,100.6900432755803
13.836598332355463,100.6900432755803
13.827615179514265,100.6900432755803
13.818632026673072,100.6900432755803
13.809648873831877,100.6900432755803
13.800665720990684,100.6900432755803
13.79168256814949,100.6900432755803
13.782699415308292,100.6900432755803
13.773716262467094,100.6900432755803
13.764733109625901,100.6900432755803
13.755749956784706,100.6900432755803
13.746766803943512,100.6900432755803
13.737783651102315,100.6900432755803
13.728800498261121,100.6900432755803
13.719817345419926,100.6900432755803
13.71083419257873,100.6900432755803
13.701851039737535,100.6900432755803
13.69286788689634,100.6900432755803
13.683884734055146,100.6900432755803
13.674901581213952,100.6900432755803
13.665918428372754,100.6900432755803
13.656935275531563,100.6900432755803
13.647952122690363,100.6900432755803
13.638968969849168,100.6900432755803
13.629985817007972,100.6900432755803
13.62100266416678,100.6900432755803
13.612019511325583,100.6900432755803
13.60303635848439,100.6900432755803
13.594053205643194,100.6900432755803
13.585070052802,100.6900432755803
13.576086899960801,100.6900432755803
13.567103747119608,100.6900432755803
13.558120594278412,100.6900432755803
13.549137441437217,100.6900432755803
13.54015428859602,100.6900432755803
13.531171135754827,100.6900432755803
13.522187982913632,100.6900432755803
13.962351434046562,100.69930027500439
13.953368281205368,100.69930027500439
13.944385128364175,100.69930027500439
13.93540197552298,100.69930027500439
13.926418822681786,100.69930027500439
13.917435669840588,100.69930027500439
13.908452516999395,100.69930027500439
13.899469364158197,100.69930027500439
13.890486211317002,100.69930027500439
13.881503058475808,100.69930027500439
13.872519905634611,100.69930027500439
13.863536752793415,100.69930027500439
13.854553599952224,100.69930027500439
13.845570447111024,100.69930027500439
13.836587294269831,100.69930027500439
13.827604141428637,100.69930027500439
13.81862098858744,100.69930027500439
13.809637835746246,100.69930027500439
13.800654682905053,100.69930027500439
13.791671530063857,100.69930027500439
13.78268837722266,100.69930027500439
13.773705224381464,100.69930027500439
13.764722071540271,100.69930027500439
13.755738918699073,100.69930027500439
13.74675576585788,100.69930027500439
13.737772613016686,100.69930027500439
13.72878946017549,100.69930027500439
13.719806307334295,100.69930027500439
13.710823154493097,100.69930027500439
13.701840001651904,100.69930027500439
13.692856848810708,100.69930027500439
13.683873695969512,100.69930027500439
13.674890543128317,100.69930027500439
13.665907390287122,100.69930027500439
13.656924237445924,100.69930027500439
13.64794108460473,100.69930027500439
13.638957931763539,100.69930027500439
13.629974778922342,100.69930027500439
13.62099162608115,100.69930027500439
13.612008473239952,100.69930027500439
13.603025320398757,100.69930027500439
13.59404216755756,100.69930027500439
13.585059014716366,100.69930027500439
13.576075861875173,100.69930027500439
13.567092709033975,100.69930027500439
13.558109556192779,100.69930027500439
13.549126403351586,100.69930027500439
13.540143250510388,100.69930027500439
13.531160097669193,100.69930027500439
13.522176944828,100.69930027500439
13.962340045549055,100.70855727352699
13.95335689270786,100.70855727352699
13.944373739866665,100.70855727352699
13.93539058702547,100.70855727352699
13.926407434184277,100.70855727352699
13.917424281343079,100.70855727352699
13.908441128501883,100.70855727352699
13.89945797566069,100.70855727352699
13.890474822819497,100.70855727352699
13.881491669978297,100.70855727352699
13.872508517137103,100.70855727352699
13.863525364295906,100.70855727352699
13.854542211454714,100.70855727352699
13.845559058613517,100.70855727352699
13.836575905772325,100.70855727352699
13.827592752931126,100.70855727352699
13.818609600089934,100.70855727352699
13.809626447248739,100.70855727352699
13.800643294407543,100.70855727352699
13.791660141566348,100.70855727352699
13.78267698872515,100.70855727352699
13.773693835883956,100.70855727352699
13.764710683042761,100.70855727352699
13.755727530201565,100.70855727352699
13.746744377360372,100.70855727352699
13.737761224519174,100.70855727352699
13.728778071677983,100.70855727352699
13.719794918836785,100.70855727352699
13.710811765995592,100.70855727352699
13.701828613154396,100.70855727352699
13.692845460313197,100.70855727352699
13.683862307472006,100.70855727352699
13.67487915463081,100.70855727352699
13.665896001789612,100.70855727352699
13.65691284894842,100.70855727352699
13.647929696107221,100.70855727352699
13.638946543266027,100.70855727352699
13.629963390424832,100.70855727352699
13.620980237583636,100.70855727352699
13.611997084742441,100.70855727352699
13.603013931901248,100.70855727352699
13.594030779060054,100.70855727352699
13.585047626218856,100.70855727352699
13.576064473377663,100.70855727352699
13.567081320536468,100.70855727352699
13.55809816769527,100.70855727352699
13.549115014854076,100.70855727352699
13.540131862012881,100.70855727352699
13.531148709171685,100.70855727352699
13.52216555633049,100.70855727352699
13.962328306640002,100.71781427111995
13.953345153798809,100.71781427111995
13.944362000957609,100.71781427111995
13.935378848116418,100.71781427111995
13.92639569527522,100.71781427111995
13.917412542434025,100.71781427111995
13.908429389592833,100.71781427111995
13.899446236751634,100.71781427111995
13.890463083910438,100.71781427111995
13.881479931069245,100.71781427111995
13.872496778228047,100.71781427111995
13.863513625386853,100.71781427111995
13.85453047254566,100.71781427111995
13.845547319704465,100.71781427111995
13.836564166863269,100.71781427111995
13.827581014022073,100.71781427111995
13.818597861180876,100.71781427111995
13.80961470833968,100.71781427111995
13.800631555498489,100.71781427111995
13.791648402657291,100.71781427111995
13.782665249816096,100.71781427111995
13.773682096974902,100.71781427111995
13.764698944133709,100.71781427111995
13.755715791292511,100.71781427111995
13.746732638451318,100.71781427111995
13.73774948561012,100.71781427111995
13.728766332768926,100.71781427111995
13.719783179927731,100.71781427111995
13.710800027086536,100.71781427111995
13.701816874245338,100.71781427111995
13.692833721404144,100.71781427111995
13.683850568562951,100.71781427111995
13.674867415721755,100.71781427111995
13.665884262880558,100.71781427111995
13.656901110039362,100.71781427111995
13.647917957198167,100.71781427111995
13.638934804356973,100.71781427111995
13.629951651515777,100.71781427111995
13.620968498674584,100.71781427111995
13.611985345833387,100.71781427111995
13.603002192992196,100.71781427111995
13.594019040150998,100.71781427111995
13.585035887309802,100.71781427111995
13.57605273446861,100.71781427111995
13.567069581627411,100.71781427111995
13.558086428786215,100.71781427111995
13.549103275945022,100.71781427111995
13.540120123103826,100.71781427111995
13.531136970262633,100.71781427111995
13.522153817421437,100.71781427111995
13.962316217319744,100.7270712677551
13.953333064478551,100.7270712677551
13.944349911637353,100.7270712677551
13.93536675879616,100.7270712677551
13.926383605954966,100.7270712677551
13.917400453113771,100.7270712677551
13.908417300272571,100.7270712677551
13.899434147431379,100.7270712677551
13.890450994590186,100.7270712677551
13.881467841748988,100.7270712677551
13.872484688907793,100.7270712677551
13.863501536066597,100.7270712677551
13.854518383225404,100.7270712677551
13.845535230384208,100.7270712677551
13.836552077543013,100.7270712677551
13.827568924701817,100.7270712677551
13.818585771860622,100.7270712677551
13.809602619019428,100.7270712677551
13.80061946617823,100.7270712677551
13.791636313337039,100.7270712677551
13.782653160495842,100.7270712677551
13.773670007654644,100.7270712677551
13.764686854813451,100.7270712677551
13.755703701972253,100.7270712677551
13.74672054913106,100.7270712677551
13.737737396289866,100.7270712677551
13.728754243448671,100.7270712677551
13.719771090607475,100.7270712677551
13.710787937766279,100.7270712677551
13.701804784925084,100.7270712677551
13.692821632083888,100.7270712677551
13.683838479242693,100.7270712677551
13.674855326401499,100.7270712677551
13.665872173560306,100.7270712677551
13.656889020719106,100.7270712677551
13.647905867877915,100.7270712677551
13.638922715036717,100.7270712677551
13.629939562195522,100.7270712677551
13.620956409354328,100.7270712677551
13.611973256513132,100.7270712677551
13.602990103671937,100.7270712677551
13.594006950830742,100.7270712677551
13.585023797989546,100.7270712677551
13.576040645148353,100.7270712677551
13.567057492307155,100.7270712677551
13.558074339465959,100.7270712677551
13.549091186624766,100.7270712677551
13.540108033783572,100.7270712677551
13.531124880942373,100.7270712677551
13.52214172810118,100.7270712677551
13.96230377758864,100.73632826340426
13.953320624747448,100.73632826340426
13.94433747190625,100.73632826340426
13.935354319065056,100.73632826340426
13.92637116622386,100.73632826340426
13.917388013382665,100.73632826340426
13.90840486054147,100.73632826340426
13.899421707700274,100.73632826340426
13.890438554859081,100.73632826340426
13.881455402017883,100.73632826340426
13.872472249176688,100.73632826340426
13.863489096335492,100.73632826340426
13.8545059434943,100.73632826340426
13.845522790653103,100.73632826340426
13.83653963781191,100.73632826340426
13.827556484970712,100.73632826340426
13.818573332129517,100.73632826340426
13.809590179288321,100.73632826340426
13.800607026447127,100.73632826340426
13.791623873605932,100.73632826340426
13.782640720764736,100.73632826340426
13.77365756792354,100.73632826340426
13.764674415082347,100.73632826340426
13.755691262241152,100.73632826340426
13.74670810939996,100.73632826340426
13.73772495655876,100.73632826340426
13.728741803717568,100.73632826340426
13.71975865087637,100.73632826340426
13.710775498035174,100.73632826340426
13.701792345193981,100.73632826340426
13.692809192352783,100.73632826340426
13.683826039511588,100.73632826340426
13.674842886670396,100.73632826340426
13.665859733829198,100.73632826340426
13.656876580988005,100.73632826340426
13.647893428146809,100.73632826340426
13.638910275305612,100.73632826340426
13.629927122464418,100.73632826340426
13.620943969623223,100.73632826340426
13.61196081678203,100.73632826340426
13.602977663940832,100.73632826340426
13.593994511099638,100.73632826340426
13.585011358258441,100.73632826340426
13.576028205417245,100.73632826340426
13.567045052576052,100.73632826340426
13.558061899734854,100.73632826340426
13.54907874689366,100.73632826340426
13.540095594052467,100.73632826340426
13.531112441211269,100.73632826340426
13.522129288370076,100.73632826340426
13.962290987447046,100.74558525803924
13.953307834605848,100.74558525803924
13.944324681764654,100.74558525803924
13.935341528923457,100.74558525803924
13.926358376082264,100.74558525803924
13.917375223241068,100.74558525803924
13.908392070399874,100.74558525803924
13.899408917558679,100.74558525803924
13.890425764717484,100.74558525803924
13.881442611876288,100.74558525803924
13.872459459035092,100.74558525803924
13.863476306193897,100.74558525803924
13.854493153352704,100.74558525803924
13.845510000511505,100.74558525803924
13.836526847670312,100.74558525803924
13.827543694829117,100.74558525803924
13.818560541987921,100.74558525803924
13.809577389146726,100.74558525803924
13.800594236305532,100.74558525803924
13.791611083464336,100.74558525803924
13.782627930623141,100.74558525803924
13.773644777781945,100.74558525803924
13.76466162494075,100.74558525803924
13.755678472099556,100.74558525803924
13.746695319258361,100.74558525803924
13.737712166417166,100.74558525803924
13.72872901357597,100.74558525803924
13.719745860734774,100.74558525803924
13.710762707893581,100.74558525803924
13.701779555052383,100.74558525803924
13.692796402211188,100.74558525803924
13.683813249369992,100.74558525803924
13.674830096528797,100.74558525803924
13.6658469436876,100.74558525803924
13.656863790846407,100.74558525803924
13.647880638005212,100.74558525803924
13.63889748516402,100.74558525803924
13.629914332322821,100.74558525803924
13.620931179481627,100.74558525803924
13.611948026640432,100.74558525803924
13.60296487379924,100.74558525803924
13.593981720958041,100.74558525803924
13.584998568116847,100.74558525803924
13.576015415275652,100.74558525803924
13.567032262434456,100.74558525803924
13.55804910959326,100.74558525803924
13.549065956752063,100.74558525803924
13.540082803910868,100.74558525803924
13.531099651069676,100.74558525803924
13.522116498228481,100.74558525803924
13.962277846895338,100.75484225163191
13.953294694054145,100.75484225163191
13.944311541212947,100.75484225163191
13.935328388371754,100.75484225163191
13.92634523553056,100.75484225163191
13.917362082689367,100.75484225163191
13.908378929848169,100.75484225163191
13.899395777006974,100.75484225163191
13.890412624165778,100.75484225163191
13.881429471324582,100.75484225163191
13.872446318483387,100.75484225163191
13.863463165642191,100.75484225163191
13.854480012801,100.75484225163191
13.845496859959804,100.75484225163191
13.836513707118609,100.75484225163191
13.827530554277411,100.75484225163191
13.818547401436216,100.75484225163191
13.80956424859502,100.75484225163191
13.800581095753827,100.75484225163191
13.791597942912635,100.75484225163191
13.782614790071435,100.75484225163191
13.77363163723024,100.75484225163191
13.764648484389046,100.75484225163191
13.75566533154785,100.75484225163191
13.746682178706655,100.75484225163191
13.737699025865462,100.75484225163191
13.728715873024267,100.75484225163191
13.719732720183071,100.75484225163191
13.710749567341875,100.75484225163191
13.701766414500677,100.75484225163191
13.692783261659482,100.75484225163191
13.683800108818287,100.75484225163191
13.674816955977095,100.75484225163191
13.665833803135898,100.75484225163191
13.656850650294702,100.75484225163191
13.64786749745351,100.75484225163191
13.638884344612313,100.75484225163191
13.629901191771117,100.75484225163191
13.62091803892992,100.75484225163191
13.611934886088727,100.75484225163191
13.602951733247533,100.75484225163191
13.593968580406335,100.75484225163191
13.584985427565142,100.75484225163191
13.576002274723946,100.75484225163191
13.567019121882753,100.75484225163191
13.558035969041555,100.75484225163191
13.549052816200362,100.75484225163191
13.540069663359166,100.75484225163191
13.53108651051797,100.75484225163191
13.522103357676773,100.75484225163191
13.9622643559339,100.7640992441541
13.953281203092706,100.7640992441541
13.944298050251511,100.7640992441541
13.935314897410317,100.7640992441541
13.92633174456912,100.7640992441541
13.917348591727928,100.7640992441541
13.908365438886731,100.7640992441541
13.899382286045538,100.7640992441541
13.89039913320434,100.7640992441541
13.881415980363142,100.7640992441541
13.87243282752195,100.7640992441541
13.863449674680753,100.7640992441541
13.854466521839562,100.7640992441541
13.845483368998362,100.7640992441541
13.83650021615717,100.7640992441541
13.827517063315975,100.7640992441541
13.818533910474777,100.7640992441541
13.809550757633584,100.7640992441541
13.80056760479239,100.7640992441541
13.791584451951191,100.7640992441541
13.782601299109999,100.7640992441541
13.773618146268802,100.7640992441541
13.764634993427606,100.7640992441541
13.755651840586413,100.7640992441541
13.746668687745217,100.7640992441541
13.737685534904024,100.7640992441541
13.728702382062831,100.7640992441541
13.719719229221631,100.7640992441541
13.710736076380435,100.7640992441541
13.70175292353924,100.7640992441541
13.692769770698046,100.7640992441541
13.683786617856848,100.7640992441541
13.674803465015657,100.7640992441541
13.66582031217446,100.7640992441541
13.656837159333262,100.7640992441541
13.64785400649207,100.7640992441541
13.638870853650873,100.7640992441541
13.629887700809677,100.7640992441541
13.620904547968484,100.7640992441541
13.61192139512729,100.7640992441541
13.602938242286095,100.7640992441541
13.593955089444899,100.7640992441541
13.584971936603704,100.7640992441541
13.57598878376251,100.7640992441541
13.567005630921313,100.7640992441541
13.558022478080117,100.7640992441541
13.54903932523892,100.7640992441541
13.540056172397726,100.7640992441541
13.531073019556532,100.7640992441541
13.522089866715337,100.7640992441541
13.962250514563124,100.77335623557758
13.95326736172193,100.77335623557758
13.944284208880733,100.77335623557758
13.935301056039538,100.77335623557758
13.926317903198344,100.77335623557758
13.917334750357147,100.77335623557758
13.908351597515953,100.77335623557758
13.899368444674758,100.77335623557758
13.890385291833562,100.77335623557758
13.881402138992367,100.77335623557758
13.872418986151173,100.77335623557758
13.863435833309975,100.77335623557758
13.854452680468782,100.77335623557758
13.845469527627584,100.77335623557758
13.83648637478639,100.77335623557758
13.827503221945197,100.77335623557758
13.818520069104,100.77335623557758
13.809536916262804,100.77335623557758
13.80055376342161,100.77335623557758
13.791570610580418,100.77335623557758
13.782587457739222,100.77335623557758
13.773604304898024,100.77335623557758
13.764621152056831,100.77335623557758
13.755637999215633,100.77335623557758
13.74665484637444,100.77335623557758
13.737671693533244,100.77335623557758
13.728688540692048,100.77335623557758
13.719705387850853,100.77335623557758
13.710722235009658,100.77335623557758
13.701739082168462,100.77335623557758
13.692755929327268,100.77335623557758
13.683772776486071,100.77335623557758
13.674789623644878,100.77335623557758
13.665806470803682,100.77335623557758
13.656823317962486,100.77335623557758
13.647840165121293,100.77335623557758
13.638857012280095,100.77335623557758
13.6298738594389,100.77335623557758
13.620890706597704,100.77335623557758
13.611907553756511,100.77335623557758
13.602924400915317,100.77335623557758
13.593941248074124,100.77335623557758
13.584958095232924,100.77335623557758
13.57597494239173,100.77335623557758
13.566991789550533,100.77335623557758
13.558008636709339,100.77335623557758
13.549025483868144,100.77335623557758
13.54004233102695,100.77335623557758
13.531059178185753,100.77335623557758
13.522076025344559,100.77335623557758
13.962236322783413,100.78261322587427
13.953253169942219,100.78261322587427
13.94427001710102,100.78261322587427
13.935286864259826,100.78261322587427
13.926303711418633,100.78261322587427
13.917320558577439,100.78261322587427
13.908337405736242,100.78261322587427
13.899354252895048,100.78261322587427
13.89037110005385,100.78261322587427
13.881387947212657,100.78261322587427
13.87240479437146,100.78261322587427
13.863421641530262,100.78261322587427
13.854438488689071,100.78261322587427
13.845455335847875,100.78261322587427
13.83647218300668,100.78261322587427
13.827489030165484,100.78261322587427
13.81850587732429,100.78261322587427
13.809522724483095,100.78261322587427
13.800539571641899,100.78261322587427
13.791556418800706,100.78261322587427
13.78257326595951,100.78261322587427
13.773590113118312,100.78261322587427
13.764606960277119,100.78261322587427
13.75562380743592,100.78261322587427
13.746640654594728,100.78261322587427
13.737657501753533,100.78261322587427
13.728674348912339,100.78261322587427
13.719691196071143,100.78261322587427
13.710708043229948,100.78261322587427
13.701724890388753,100.78261322587427
13.692741737547554,100.78261322587427
13.68375858470636,100.78261322587427
13.674775431865168,100.78261322587427
13.66579227902397,100.78261322587427
13.656809126182774,100.78261322587427
13.64782597334158,100.78261322587427
13.638842820500383,100.78261322587427
13.629859667659192,100.78261322587427
13.620876514817995,100.78261322587427
13.611893361976799,100.78261322587427
13.602910209135606,100.78261322587427
13.593927056294412,100.78261322587427
13.584943903453214,100.78261322587427
13.575960750612019,100.78261322587427
13.566977597770826,100.78261322587427
13.55799444492963,100.78261322587427
13.549011292088434,100.78261322587427
13.540028139247239,100.78261322587427
13.531044986406044,100.78261322587427
13.522061833564846,100.78261322587427
13.96222178059518,100.79187021501593
13.953238627753986,100.79187021501593
13.94425547491279,100.79187021501593
13.935272322071595,100.79187021501593
13.926289169230401,100.79187021501593
13.917306016389205,100.79187021501593
13.908322863548008,100.79187021501593
13.899339710706816,100.79187021501593
13.890356557865621,100.79187021501593
13.881373405024423,100.79187021501593
13.872390252183228,100.79187021501593
13.863407099342032,100.79187021501593
13.85442394650084,100.79187021501593
13.845440793659643,100.79187021501593
13.836457640818452,100.79187021501593
13.827474487977252,100.79187021501593
13.818491335136057,100.79187021501593
13.80950818229486,100.79187021501593
13.800525029453668,100.79187021501593
13.791541876612472,100.79187021501593
13.782558723771276,100.79187021501593
13.77357557093008,100.79187021501593
13.764592418088888,100.79187021501593
13.755609265247694,100.79187021501593
13.746626112406496,100.79187021501593
13.737642959565301,100.79187021501593
13.728659806724108,100.79187021501593
13.71967665388291,100.79187021501593
13.710693501041716,100.79187021501593
13.701710348200521,100.79187021501593
13.692727195359325,100.79187021501593
13.68374404251813,100.79187021501593
13.674760889676932,100.79187021501593
13.665777736835736,100.79187021501593
13.656794583994541,100.79187021501593
13.647811431153347,100.79187021501593
13.638828278312152,100.79187021501593
13.629845125470958,100.79187021501593
13.620861972629763,100.79187021501593
13.611878819788565,100.79187021501593
13.602895666947372,100.79187021501593
13.593912514106178,100.79187021501593
13.584929361264981,100.79187021501593
13.575946208423787,100.79187021501593
13.566963055582594,100.79187021501593
13.557979902741396,100.79187021501593
13.5489967499002,100.79187021501593
13.540013597059007,100.79187021501593
13.531030444217809,100.79187021501593
13.522047291376616,100.79187021501593
13.962206887998851,100.80112720297444
13.953223735157655,100.80112720297444
13.94424058231646,100.80112720297444
13.935257429475266,100.80112720297444
13.926274276634068,100.80112720297444
13.917291123792873,100.80112720297444
13.90830797095168,100.80112720297444
13.899324818110488,100.80112720297444
13.89034166526929,100.80112720297444
13.881358512428095,100.80112720297444
13.8723753595869,100.80112720297444
13.863392206745704,100.80112720297444
13.854409053904508,100.80112720297444
13.845425901063315,100.80112720297444
13.836442748222119,100.80112720297444
13.827459595380923,100.80112720297444
13.818476442539726,100.80112720297444
13.809493289698533,100.80112720297444
13.800510136857339,100.80112720297444
13.79152698401614,100.80112720297444
13.782543831174948,100.80112720297444
13.773560678333752,100.80112720297444
13.764577525492559,100.80112720297444
13.755594372651363,100.80112720297444
13.74661121981017,100.80112720297444
13.737628066968972,100.80112720297444
13.728644914127775,100.80112720297444
13.71966176128658,100.80112720297444
13.710678608445386,100.80112720297444
13.70169545560419,100.80112720297444
13.692712302762994,100.80112720297444
13.683729149921797,100.80112720297444
13.674745997080604,100.80112720297444
13.66576284423941,100.80112720297444
13.656779691398212,100.80112720297444
13.647796538557019,100.80112720297444
13.638813385715824,100.80112720297444
13.62983023287463,100.80112720297444
13.620847080033434,100.80112720297444
13.611863927192239,100.80112720297444
13.602880774351044,100.80112720297444
13.59389762150985,100.80112720297444
13.584914468668654,100.80112720297444
13.575931315827459,100.80112720297444
13.566948162986264,100.80112720297444
13.557965010145066,100.80112720297444
13.548981857303872,100.80112720297444
13.539998704462679,100.80112720297444
13.531015551621481,100.80112720297444
13.522032398780283,100.80112720297444
13.962191644994858,100.81038418972159
13.953208492153662,100.81038418972159
13.944225339312466,100.81038418972159
13.935242186471273,100.81038418972159
13.926259033630076,100.81038418972159
13.917275880788882,100.81038418972159
13.908292727947684,100.81038418972159
13.89930957510649,100.81038418972159
13.890326422265298,100.81038418972159
13.8813432694241,100.81038418972159
13.872360116582904,100.81038418972159
13.863376963741707,100.81038418972159
13.854393810900515,100.81038418972159
13.845410658059317,100.81038418972159
13.836427505218124,100.81038418972159
13.827444352376926,100.81038418972159
13.818461199535736,100.81038418972159
13.809478046694538,100.81038418972159
13.800494893853346,100.81038418972159
13.791511741012151,100.81038418972159
13.782528588170955,100.81038418972159
13.773545435329758,100.81038418972159
13.764562282488562,100.81038418972159
13.755579129647368,100.81038418972159
13.746595976806173,100.81038418972159
13.737612823964975,100.81038418972159
13.72862967112378,100.81038418972159
13.719646518282588,100.81038418972159
13.710663365441395,100.81038418972159
13.701680212600197,100.81038418972159
13.692697059759,100.81038418972159
13.683713906917804,100.81038418972159
13.674730754076611,100.81038418972159
13.665747601235411,100.81038418972159
13.656764448394219,100.81038418972159
13.647781295553026,100.81038418972159
13.63879814271183,100.81038418972159
13.629814989870631,100.81038418972159
13.62083183702944,100.81038418972159
13.611848684188244,100.81038418972159
13.602865531347051,100.81038418972159
13.593882378505853,100.81038418972159
13.584899225664659,100.81038418972159
13.575916072823464,100.81038418972159
13.566932919982268,100.81038418972159
13.557949767141071,100.81038418972159
13.548966614299879,100.81038418972159
13.539983461458682,100.81038418972159
13.531000308617488,100.81038418972159
13.522017155776293,100.81038418972159
13.962176051583643,100.81964117522922
13.953192898742447,100.81964117522922
13.944209745901254,100.81964117522922
13.935226593060058,100.81964117522922
13.926243440218864,100.81964117522922
13.917260287377667,100.81964117522922
13.90827713453647,100.81964117522922
13.899293981695276,100.81964117522922
13.890310828854084,100.81964117522922
13.881327676012885,100.81964117522922
13.872344523171689,100.81964117522922
13.863361370330496,100.81964117522922
13.8543782174893,100.81964117522922
13.845395064648104,100.81964117522922
13.83641191180691,100.81964117522922
13.827428758965715,100.81964117522922
13.81844560612452,100.81964117522922
13.809462453283324,100.81964117522922
13.800479300442133,100.81964117522922
13.791496147600935,100.81964117522922
13.78251299475974,100.81964117522922
13.773529841918545,100.81964117522922
13.76454668907735,100.81964117522922
13.755563536236155,100.81964117522922
13.746580383394962,100.81964117522922
13.737597230553762,100.81964117522922
13.728614077712567,100.81964117522922
13.719630924871375,100.81964117522922
13.710647772030176,100.81964117522922
13.701664619188984,100.81964117522922
13.692681466347786,100.81964117522922
13.683698313506591,100.81964117522922
13.674715160665398,100.81964117522922
13.665732007824202,100.81964117522922
13.656748854983004,100.81964117522922
13.647765702141811,100.81964117522922
13.638782549300617,100.81964117522922
13.629799396459424,100.81964117522922
13.620816243618226,100.81964117522922
13.611833090777031,100.81964117522922
13.602849937935835,100.81964117522922
13.59386678509464,100.81964117522922
13.584883632253447,100.81964117522922
13.57590047941225,100.81964117522922
13.566917326571057,100.81964117522922
13.557934173729857,100.81964117522922
13.548951020888664,100.81964117522922
13.53996786804747,100.81964117522922
13.530984715206273,100.81964117522922
13.522001562365078,100.81964117522922
13.962160107765666,100.82889815946918
13.953176954924471,100.82889815946918
13.944193802083273,100.82889815946918
13.93521064924208,100.82889815946918
13.926227496400886,100.82889815946918
13.917244343559688,100.82889815946918
13.908261190718493,100.82889815946918
13.899278037877298,100.82889815946918
13.890294885036102,100.82889815946918
13.88131173219491,100.82889815946918
13.872328579353713,100.82889815946918
13.863345426512517,100.82889815946918
13.854362273671324,100.82889815946918
13.845379120830128,100.82889815946918
13.836395967988935,100.82889815946918
13.827412815147737,100.82889815946918
13.818429662306542,100.82889815946918
13.80944650946535,100.82889815946918
13.800463356624151,100.82889815946918
13.791480203782958,100.82889815946918
13.78249705094176,100.82889815946918
13.773513898100564,100.82889815946918
13.764530745259371,100.82889815946918
13.755547592418178,100.82889815946918
13.746564439576982,100.82889815946918
13.737581286735786,100.82889815946918
13.728598133894591,100.82889815946918
13.719614981053395,100.82889815946918
13.710631828212199,100.82889815946918
13.701648675371006,100.82889815946918
13.692665522529808,100.82889815946918
13.683682369688615,100.82889815946918
13.67469921684742,100.82889815946918
13.665716064006224,100.82889815946918
13.65673291116503,100.82889815946918
13.647749758323835,100.82889815946918
13.638766605482639,100.82889815946918
13.629783452641444,100.82889815946918
13.620800299800246,100.82889815946918
13.611817146959051,100.82889815946918
13.602833994117857,100.82889815946918
13.593850841276664,100.82889815946918
13.584867688435466,100.82889815946918
13.575884535594273,100.82889815946918
13.566901382753077,100.82889815946918
13.55791822991188,100.82889815946918
13.548935077070686,100.82889815946918
13.539951924229491,100.82889815946918
13.530968771388295,100.82889815946918
13.5219856185471,100.82889815946918
13.96214381354139,100.8381551424133
13.953160660700192,100.8381551424133
13.944177507858997,100.8381551424133
13.935194355017803,100.8381551424133
13.92621120217661,100.8381551424133
13.917228049335412,100.8381551424133
13.908244896494217,100.8381551424133
13.899261743653025,100.8381551424133
13.890278590811828,100.8381551424133
13.881295437970634,100.8381551424133
13.872312285129436,100.8381551424133
13.86332913228824,100.8381551424133
13.854345979447048,100.8381551424133
13.845362826605852,100.8381551424133
13.836379673764657,100.8381551424133
13.827396520923461,100.8381551424133
13.818413368082267,100.8381551424133
13.809430215241068,100.8381551424133
13.800447062399876,100.8381551424133
13.791463909558683,100.8381551424133
13.782480756717485,100.8381551424133
13.773497603876288,100.8381551424133
13.764514451035096,100.8381551424133
13.7555312981939,100.8381551424133
13.746548145352705,100.8381551424133
13.737564992511507,100.8381551424133
13.728581839670312,100.8381551424133
13.71959868682912,100.8381551424133
13.710615533987925,100.8381551424133
13.701632381146728,100.8381551424133
13.692649228305532,100.8381551424133
13.68366607546434,100.8381551424133
13.674682922623141,100.8381551424133
13.665699769781945,100.8381551424133
13.656716616940749,100.8381551424133
13.647733464099556,100.8381551424133
13.638750311258363,100.8381551424133
13.629767158417167,100.8381551424133
13.62078400557597,100.8381551424133
13.611800852734774,100.8381551424133
13.602817699893581,100.8381551424133
13.593834547052383,100.8381551424133
13.58485139421119,100.8381551424133
13.575868241369998,100.8381551424133
13.566885088528801,100.8381551424133
13.557901935687603,100.8381551424133
13.548918782846405,100.8381551424133
13.539935630005216,100.8381551424133
13.530952477164018,100.8381551424133
13.521969324322823,100.8381551424133
13.962127168911291,100.8474121240334
13.953144016070095,100.8474121240334
13.944160863228896,100.8474121240334
13.935177710387704,100.8474121240334
13.92619455754651,100.8474121240334
13.917211404705315,100.8474121240334
13.908228251864118,100.8474121240334
13.899245099022922,100.8474121240334
13.89026194618173,100.8474121240334
13.881278793340531,100.8474121240334
13.87229564049934,100.8474121240334
13.86331248765814,100.8474121240334
13.854329334816947,100.8474121240334
13.845346181975751,100.8474121240334
13.836363029134557,100.8474121240334
13.827379876293358,100.8474121240334
13.818396723452166,100.8474121240334
13.809413570610971,100.8474121240334
13.800430417769775,100.8474121240334
13.791447264928582,100.8474121240334
13.782464112087386,100.8474121240334
13.773480959246188,100.8474121240334
13.764497806404997,100.8474121240334
13.7555146535638,100.8474121240334
13.746531500722604,100.8474121240334
13.73754834788141,100.8474121240334
13.728565195040215,100.8474121240334
13.719582042199022,100.8474121240334
13.710598889357822,100.8474121240334
13.701615736516628,100.8474121240334
13.692632583675435,100.8474121240334
13.683649430834238,100.8474121240334
13.674666277993046,100.8474121240334
13.665683125151846,100.8474121240334
13.656699972310653,100.8474121240334
13.647716819469458,100.8474121240334
13.63873366662826,100.8474121240334
13.629750513787068,100.8474121240334
13.620767360945873,100.8474121240334
13.611784208104678,100.8474121240334
13.602801055263482,100.8474121240334
13.593817902422286,100.8474121240334
13.584834749581093,100.8474121240334
13.575851596739895,100.8474121240334
13.5668684438987,100.8474121240334
13.557885291057506,100.8474121240334
13.54890213821631,100.8474121240334
13.539918985375117,100.8474121240334
13.53093583253392,100.8474121240334
13.521952679692724,100.8474121240334
13.962110173875843,100.85666910430132
13.95312702103465,100.85666910430132
13.944143868193454,100.85666910430132
13.935160715352259,100.85666910430132
13.92617756251106,100.85666910430132
13.917194409669868,100.85666910430132
13.908211256828672,100.85666910430132
13.899228103987479,100.85666910430132
13.890244951146283,100.85666910430132
13.881261798305086,100.85666910430132
13.872278645463894,100.85666910430132
13.863295492622695,100.85666910430132
13.854312339781503,100.85666910430132
13.845329186940306,100.85666910430132
13.836346034099114,100.85666910430132
13.827362881257915,100.85666910430132
13.818379728416721,100.85666910430132
13.809396575575525,100.85666910430132
13.80041342273433,100.85666910430132
13.791430269893137,100.85666910430132
13.782447117051943,100.85666910430132
13.773463964210743,100.85666910430132
13.764480811369552,100.85666910430132
13.755497658528354,100.85666910430132
13.74651450568716,100.85666910430132
13.737531352845965,100.85666910430132
13.728548200004768,100.85666910430132
13.719565047163572,100.85666910430132
13.71058189432238,100.85666910430132
13.701598741481181,100.85666910430132
13.692615588639987,100.85666910430132
13.683632435798792,100.85666910430132
13.674649282957596,100.85666910430132
13.665666130116401,100.85666910430132
13.656682977275207,100.85666910430132
13.647699824434008,100.85666910430132
13.638716671592816,100.85666910430132
13.629733518751621,100.85666910430132
13.620750365910425,100.85666910430132
13.611767213069232,100.85666910430132
13.602784060228036,100.85666910430132
13.59380090738684,100.85666910430132
13.584817754545647,100.85666910430132
13.57583460170445,100.85666910430132
13.566851448863256,100.85666910430132
13.55786829602206,100.85666910430132
13.548885143180863,100.85666910430132
13.53990199033967,100.85666910430132
13.530918837498474,100.85666910430132
13.521935684657278,100.85666910430132
13.962092828435559,100.86592608318888
13.953109675594366,100.86592608318888
13.944126522753168,100.86592608318888
13.935143369911975,100.86592608318888
13.92616021707078,100.86592608318888
13.917177064229582,100.86592608318888
13.908193911388388,100.86592608318888
13.899210758547193,100.86592608318888
13.890227605706,100.86592608318888
13.881244452864804,100.86592608318888
13.872261300023608,100.86592608318888
13.86327814718241,100.86592608318888
13.854294994341219,100.86592608318888
13.845311841500022,100.86592608318888
13.83632868865883,100.86592608318888
13.827345535817631,100.86592608318888
13.818362382976437,100.86592608318888
13.809379230135242,100.86592608318888
13.800396077294046,100.86592608318888
13.791412924452851,100.86592608318888
13.782429771611657,100.86592608318888
13.773446618770459,100.86592608318888
13.764463465929266,100.86592608318888
13.755480313088073,100.86592608318888
13.746497160246875,100.86592608318888
13.73751400740568,100.86592608318888
13.728530854564482,100.86592608318888
13.71954770172329,100.86592608318888
13.710564548882093,100.86592608318888
13.7015813960409,100.86592608318888
13.692598243199702,100.86592608318888
13.683615090358508,100.86592608318888
13.674631937517313,100.86592608318888
13.665648784676115,100.86592608318888
13.656665631834922,100.86592608318888
13.647682478993724,100.86592608318888
13.638699326152535,100.86592608318888
13.629716173311337,100.86592608318888
13.620733020470139,100.86592608318888
13.611749867628944,100.86592608318888
13.602766714787757,100.86592608318888
13.593783561946559,100.86592608318888
13.58480040910536,100.86592608318888
13.575817256264168,100.86592608318888
13.566834103422972,100.86592608318888
13.557850950581775,100.86592608318888
13.54886779774058,100.86592608318888
13.539884644899386,100.86592608318888
13.530901492058188,100.86592608318888
13.521918339216995,100.86592608318888
